City_ID,City,Lat,Lng,Max Temp,Humidity,Cloudiness,Wind Speed,Country,Date
0,asau,46.4333,26.4,51.96,68,99,1.41,RO,1651467799
1,lebu,-37.6167,-73.65,50.49,93,3,12.91,CL,1651467799
2,bredasdorp,-34.5322,20.0403,54.57,93,98,5.03,ZA,1651467800
3,mar del plata,-38.0023,-57.5575,51.87,71,100,10.0,AR,1651467800
4,hilo,19.7297,-155.09,74.28,100,100,8.99,US,1651467613
5,qaanaaq,77.484,-69.3632,5.13,62,47,8.08,GL,1651467463
6,bluff,-46.6,168.3333,60.8,73,84,8.59,NZ,1651467801
7,rikitea,-23.1203,-134.9692,76.62,73,99,6.33,PF,1651467802
8,mao,39.8885,4.2658,54.16,94,20,1.14,ES,1651467721
9,kapaa,22.0752,-159.319,80.58,83,96,3.0,US,1651467802
10,kumsi,14.0667,75.4,87.12,40,87,7.34,IN,1651467803
11,ahipara,-35.1667,173.1667,64.87,71,100,4.09,NZ,1651467803
12,kalmunai,7.4167,81.8167,88.2,63,51,1.72,LK,1651467804
13,cockburn town,21.4612,-71.1419,77.38,80,95,20.22,TC,1651467804
14,acapulco,16.8634,-99.8901,78.35,63,76,4.21,MX,1651467611
15,albany,42.6001,-73.9662,55.81,51,100,4.59,US,1651467773
16,hermanus,-34.4187,19.2345,59.81,77,96,9.8,ZA,1651467805
17,hobart,-42.8794,147.3294,69.66,52,75,19.57,AU,1651467806
18,busselton,-33.65,115.3333,67.3,78,88,12.46,AU,1651467733
19,kloulklubed,7.0419,134.2556,82.29,80,99,10.96,PW,1651467807
20,new norfolk,-42.7826,147.0587,69.3,56,100,5.99,AU,1651467807
21,soyo,-6.1349,12.3689,77.29,88,100,5.19,AO,1651467808
22,sao felix do xingu,-6.6447,-51.995,72.43,87,56,1.9,BR,1651467809
23,dikson,73.5069,80.5464,18.5,89,100,14.34,RU,1651467809
24,airai,-8.9266,125.4092,76.91,43,85,5.55,TL,1651467524
25,sar-e pul,35.8333,66.1667,67.86,49,100,6.53,AF,1651467810
26,punta arenas,-53.15,-70.9167,40.89,86,57,9.42,CL,1651467810
27,vaini,-21.2,-175.2,79.14,81,92,17.47,TO,1651467811
28,hasaki,35.7333,140.8333,63.0,51,97,6.04,JP,1651467811
29,atuona,-9.8,-139.0333,78.49,81,100,15.37,PF,1651467812
30,lagoa,39.05,-27.9833,60.15,83,21,2.86,PT,1651467789
31,waingapu,-9.6567,120.2641,87.13,65,35,14.79,ID,1651467812
32,mataura,-46.1927,168.8643,60.48,68,44,2.21,NZ,1651467813
33,egvekinot,66.3167,-179.1667,18.18,74,34,2.66,RU,1651467375
34,bouar,5.934,15.596,64.27,91,97,2.77,CF,1651467814
35,pitimbu,-7.4706,-34.8086,77.77,84,52,6.78,BR,1651467814
36,chuy,-33.6971,-53.4616,54.82,72,60,6.35,UY,1651467815
37,cascais,38.6979,-9.4215,58.93,75,41,24.0,PT,1651467815
38,bethel,41.3712,-73.414,55.35,69,100,4.0,US,1651467816
39,itarema,-2.9248,-39.9167,77.41,87,87,10.38,BR,1651467514
40,butaritari,3.0707,172.7902,81.93,76,59,12.01,KI,1651467816
41,yellowknife,62.456,-114.3525,35.56,64,7,11.01,CA,1651467754
42,puerto penasco,31.3167,-113.5333,71.91,76,0,14.0,MX,1651467817
43,esperance,-33.8667,121.9,69.01,59,59,12.19,AU,1651467817
44,barrow,71.2906,-156.7887,19.42,86,100,12.66,US,1651467818
45,ushuaia,-54.8,-68.3,36.61,96,39,7.81,AR,1651467818
46,tasiilaq,65.6145,-37.6368,17.74,66,89,4.27,GL,1651467477
47,fortuna,40.5982,-124.1573,51.66,92,40,4.61,US,1651467819
48,port elizabeth,-33.918,25.5701,54.32,91,1,5.3,ZA,1651467623
49,tuktoyaktuk,69.4541,-133.0374,32.18,98,100,9.04,CA,1651467820
50,virbhadra,30.0712,78.2819,98.22,21,27,6.73,IN,1651467821
51,zhigansk,66.7697,123.3711,24.04,72,100,22.08,RU,1651467682
52,flinders,-34.5833,150.8552,74.05,66,1,8.88,AU,1651467520
53,jamestown,42.097,-79.2353,53.24,97,100,8.05,US,1651467821
54,mount gambier,-37.8333,140.7667,65.05,62,100,9.1,AU,1651467822
55,mahebourg,-20.4081,57.7,81.25,83,75,6.91,MU,1651467822
56,kudahuvadhoo,2.6708,72.8944,84.9,75,92,21.5,MV,1651467823
57,ushumun,52.7833,126.5333,47.5,48,100,5.26,RU,1651467824
58,yeraskhahun,40.0717,44.2162,60.94,77,75,2.3,AM,1651467824
59,teguldet,57.3064,88.1667,45.12,88,100,5.93,RU,1651467825
60,dryden,49.7833,-92.7503,34.09,93,100,5.75,CA,1651467617
61,nanortalik,60.1432,-45.2371,36.19,86,100,1.43,GL,1651467825
62,port alfred,-33.5906,26.891,59.85,78,10,5.61,ZA,1651467826
63,aruppukkottai,9.5167,78.1,93.63,39,68,1.83,IN,1651467826
64,bilibino,68.0546,166.4372,28.06,72,55,2.53,RU,1651467495
65,hualmay,-11.0964,-77.6139,64.56,87,90,4.29,PE,1651467827
66,ancud,-41.8697,-73.8203,47.66,93,4,4.76,CL,1651467596
67,leua,48.2156,18.6071,52.5,78,98,4.88,SK,1651467828
68,nikolskoye,59.7035,30.7861,44.87,67,69,7.78,RU,1651467471
69,nambucca heads,-30.65,153.0,73.4,57,43,8.08,AU,1651467829
70,seoul,37.5683,126.9778,65.59,19,1,10.33,KR,1651467601
71,salalah,17.0151,54.0924,87.64,60,15,5.28,OM,1651467578
72,shangqiu,34.45,115.65,83.84,16,0,3.83,CN,1651467830
73,san patricio,28.017,-97.5169,79.9,87,93,14.54,US,1651467830
74,saskylakh,71.9167,114.0833,21.85,87,34,9.22,RU,1651467831
75,korla,41.7597,86.1469,72.79,15,23,19.06,CN,1651467831
76,castro,-24.7911,-50.0119,59.9,91,62,1.83,BR,1651467740
77,micheweni,-4.9667,39.8333,79.34,83,41,15.39,TZ,1651467832
78,bristol,41.8334,-71.1662,50.41,81,82,1.01,US,1651467833
79,nizwa,22.9333,57.5333,93.06,13,0,4.68,OM,1651467833
80,sur,22.5667,59.5289,89.8,39,0,3.49,OM,1651467834
81,upernavik,72.7868,-56.1549,-4.2,84,8,4.68,GL,1651467669
82,hirara,24.8,125.2833,65.98,84,100,22.75,JP,1651467834
83,carnarvon,-24.8667,113.6333,81.82,47,1,14.09,AU,1651467835
84,ito,34.9667,139.0833,61.68,67,93,7.87,JP,1651467836
85,east london,-33.0153,27.9116,59.49,74,0,5.79,ZA,1651467836
86,clyde river,70.4692,-68.5914,8.83,85,100,13.8,CA,1651467467
87,nome,64.5011,-165.4064,34.48,60,7,12.77,US,1651467577
88,kisaran,2.9845,99.6158,84.96,79,97,4.09,ID,1651467837
89,vanavara,60.34,102.2797,37.85,39,100,10.45,RU,1651467838
90,kodiak,57.79,-152.4072,39.6,88,78,5.46,US,1651467838
91,trelew,-43.249,-65.3051,51.06,65,100,9.19,AR,1651467685
92,cabedelo,-6.9811,-34.8339,77.72,85,50,8.39,BR,1651467767
93,mogadishu,2.0371,45.3438,83.1,76,98,12.53,SO,1651467839
94,krasnoselkup,65.7,82.4667,30.67,95,74,6.08,RU,1651467840
95,perelyub,51.8667,50.3667,45.34,38,1,8.7,RU,1651467840
96,kruisfontein,-34.0033,24.7314,51.28,85,4,4.47,ZA,1651467521
97,labuhan,-6.8844,112.2051,86.76,71,93,8.7,ID,1651467841
98,beisfjord,68.3751,17.5988,37.04,94,100,7.4,NO,1651467841
99,camacha,33.0833,-16.3333,60.22,72,40,11.5,PT,1651467691
100,ostersund,63.1792,14.6357,42.62,60,75,13.8,SE,1651467744
101,mitchell,43.7094,-98.0298,40.1,86,29,5.01,US,1651467674
102,prince george,53.9166,-122.753,51.3,62,100,2.35,CA,1651467669
103,pisco,-13.7,-76.2167,64.45,82,0,8.05,PE,1651467566
104,iqaluit,63.7506,-68.5145,20.93,85,75,5.75,CA,1651467463
105,torbay,47.6666,-52.7314,39.27,95,75,5.99,CA,1651467800
106,lompoc,34.6391,-120.4579,52.57,80,75,25.99,US,1651467757
107,kavieng,-2.5744,150.7967,84.06,74,49,7.54,PG,1651467843
108,gazanjyk,39.2446,55.5154,65.93,69,95,10.36,TM,1651467844
109,port hedland,-20.3167,118.5667,87.85,45,94,8.05,AU,1651467832
110,saint anthony,45.0205,-93.218,43.25,86,100,13.8,US,1651467845
111,ribeira grande,38.5167,-28.7,61.75,84,19,1.66,PT,1651467845
112,avarua,-21.2078,-159.775,80.65,78,75,2.3,CK,1651467464
113,araouane,18.9048,-3.5265,72.97,20,0,11.77,ML,1651467846
114,victoria,22.2855,114.1577,68.05,87,100,5.01,HK,1651467794
115,okhotsk,59.3833,143.3,35.71,77,34,9.51,RU,1651467846
116,surgana,20.5667,73.6167,89.89,37,2,9.19,IN,1651467847
117,sept-iles,50.2001,-66.3821,41.52,42,0,5.75,CA,1651467404
118,tautira,-17.7333,-149.15,79.99,72,94,5.46,PF,1651467848
119,atar,20.5169,-13.0499,78.58,16,1,10.25,MR,1651467525
120,sao filipe,14.8961,-24.4956,72.12,76,1,8.5,CV,1651467849
121,naryan-mar,67.6713,53.087,23.07,92,100,8.66,RU,1651467849
122,qafqafa,32.3483,35.9395,56.5,63,50,4.32,JO,1651467850
123,touros,-5.1989,-35.4608,76.84,89,22,10.47,BR,1651467850
124,severo-kurilsk,50.6789,156.125,36.28,87,86,7.43,RU,1651467851
125,comodoro rivadavia,-45.8667,-67.5,48.94,78,82,4.16,AR,1651467852
126,tiksi,71.6872,128.8694,18.28,78,33,9.48,RU,1651467852
127,inyonga,-6.7167,32.0667,63.19,93,89,5.17,TZ,1651467853
128,waddan,29.1614,16.139,58.98,64,1,19.98,LY,1651467853
129,ust-kuyga,70.0167,135.6,22.01,78,100,9.57,RU,1651467854
130,hithadhoo,-0.6,73.0833,85.08,75,100,18.59,MV,1651467464
131,birobidzhan,48.8,132.95,50.31,51,100,4.72,RU,1651467854
132,kyren,51.6828,102.1408,71.35,23,74,1.34,RU,1651467855
133,cantagallo,7.376,-73.9196,74.8,98,98,1.92,CO,1651467855
134,thompson,55.7435,-97.8558,21.51,93,100,9.08,CA,1651467856
135,namwala,-15.7504,26.4384,58.06,77,44,4.5,ZM,1651467856
136,vardo,70.3705,31.1107,29.23,86,100,17.43,NO,1651467465
137,atasu,48.6814,71.6433,68.36,37,84,8.66,KZ,1651467857
138,tanete,-3.9443,119.7848,90.73,51,77,11.86,ID,1651467858
139,shache,38.4167,77.2406,77.43,10,6,9.95,CN,1651467858
140,jieshi,22.8134,115.8257,66.94,88,100,12.46,CN,1651467859
141,santa marta,11.2408,-74.199,83.89,76,99,4.0,CO,1651467859
142,lavrentiya,65.5833,-171.0,14.27,86,10,9.95,RU,1651467500
143,vesyegonsk,58.664,37.2604,41.81,66,40,6.08,RU,1651467860
144,yemelyanovo,56.1681,92.6767,52.61,54,0,6.71,RU,1651467860
145,nebolchi,59.1239,33.3454,39.83,76,83,7.83,RU,1651467861
146,upata,8.0086,-62.3989,74.19,84,63,8.16,VE,1651467862
147,georgetown,5.4112,100.3354,87.73,74,20,9.22,MY,1651467735
148,klaksvik,62.2266,-6.589,38.32,69,59,19.8,FO,1651467491
149,char bhadrasan,23.3167,90.2167,91.74,51,60,5.88,BD,1651467862
150,amapa,1.0,-52.0,71.74,99,100,1.77,BR,1651467863
151,chokurdakh,70.6333,147.9167,28.31,93,44,10.38,RU,1651467863
152,esna,25.2934,32.554,83.12,16,5,3.13,EG,1651467864
153,luderitz,-26.6481,15.1594,72.43,28,0,12.71,NA,1651467519
154,buin,-33.7333,-70.75,57.74,63,93,2.15,CL,1651467776
155,nuuk,64.1835,-51.7216,29.01,86,78,6.91,GL,1651467669
156,puerto ayora,-0.7393,-90.3518,71.76,91,13,4.94,EC,1651467865
157,katsuura,35.1333,140.3,59.59,57,75,8.95,JP,1651467866
158,cabo san lucas,22.8909,-109.9124,73.62,77,10,16.22,MX,1651467504
159,cherskiy,68.75,161.3,31.3,87,57,5.57,RU,1651467866
160,la union,-5.4,-80.75,69.3,76,69,13.76,PE,1651467867
161,cape town,-33.9258,18.4232,61.12,82,83,4.09,ZA,1651467791
162,coquimbo,-29.9533,-71.3436,57.56,79,73,4.83,CL,1651467868
163,acajutla,13.5928,-89.8275,81.86,75,96,1.16,SV,1651467685
164,arraial do cabo,-22.9661,-42.0278,74.66,75,0,7.09,BR,1651467868
165,dalvik,65.9702,-18.5286,27.46,72,99,3.4,IS,1651467869
166,sakakah,29.9697,40.2064,69.64,31,0,10.27,SA,1651467869
167,faya,18.3851,42.4509,69.78,37,98,4.12,SA,1651467870
168,lima,-12.0432,-77.0282,65.89,78,0,9.22,PE,1651467337
169,provideniya,64.3833,-173.3,25.97,52,13,12.17,RU,1651467871
170,bandarbeyla,9.4942,50.8122,88.0,61,22,10.4,SO,1651467871
171,grand gaube,-20.0064,57.6608,81.37,70,6,4.0,MU,1651467505
172,husavik,66.0449,-17.3389,27.09,75,100,3.56,IS,1651467515
173,fort morgan,40.2503,-103.8,47.05,76,100,19.57,US,1651467872
174,kayalpattinam,8.5667,78.1167,93.51,49,20,4.61,IN,1651467873
175,shenjiamen,29.9576,122.298,62.2,70,63,7.54,CN,1651467541
176,sinnamary,5.3833,-52.95,77.52,86,78,10.38,GF,1651467873
177,naze,28.3667,129.4833,65.43,54,100,12.01,JP,1651467874
178,stilfontein,-26.8449,26.7683,50.56,33,0,2.04,ZA,1651467874
179,point pleasant,40.0832,-74.0682,56.28,68,100,5.75,US,1651467875
180,eqbaliyeh,35.3022,51.5358,67.82,45,59,5.17,IR,1651467876
181,tandalti,13.0167,31.8667,86.43,32,65,7.34,SD,1651467876
182,ostrovnoy,68.0531,39.5131,24.04,81,80,7.05,RU,1651467508
183,lac-megantic,45.5834,-70.8823,36.55,96,0,4.99,CA,1651467877
184,manicore,-5.8092,-61.3003,71.83,99,52,1.68,BR,1651467878
185,nicoya,10.1483,-85.452,78.78,85,100,2.28,CR,1651467684
186,bengkulu,-3.8004,102.2655,85.44,63,100,5.93,ID,1651467509
187,lazaro cardenas,17.9583,-102.2,74.7,72,43,2.91,MX,1651467602
188,pueblo nuevo,23.3833,-105.3833,50.59,58,91,4.56,MX,1651467879
189,fairbanks,64.8378,-147.7164,49.24,43,100,1.01,US,1651467604
190,saint george,37.1041,-113.5841,63.25,37,0,4.0,US,1651467879
191,chhabra,24.6667,76.8333,100.65,19,15,10.8,IN,1651467880
192,atherton,53.5237,-2.4935,52.29,92,100,0.22,GB,1651467881
193,acolla,-11.7319,-75.5463,45.0,85,76,2.44,PE,1651467881
194,sipoo,60.3775,25.2691,43.16,63,0,11.5,FI,1651467882
195,ilulissat,69.2167,-51.1,15.82,67,75,0.0,GL,1651467882
196,morristown,36.214,-83.2949,65.5,74,75,4.61,US,1651467883
197,dawei,14.0833,98.2,80.78,84,100,1.19,MM,1651467883
198,shubarkuduk,49.1447,56.4872,52.41,57,5,13.82,KZ,1651467884
199,namatanai,-3.6667,152.4333,85.03,68,15,6.91,PG,1651467660
200,pevek,69.7008,170.3133,21.58,81,100,5.75,RU,1651467499
201,vila velha,-20.3297,-40.2925,76.95,82,0,8.05,BR,1651467478
202,gravdal,68.1214,13.5031,31.89,100,40,6.91,NO,1651467885
203,laguna,38.421,-121.4238,66.45,47,0,8.05,US,1651467475
204,wanaka,-44.7,169.15,62.11,59,41,1.01,NZ,1651467885
205,viedma,-40.8135,-62.9967,49.24,75,100,7.49,AR,1651467886
206,ambulu,-8.345,113.6058,88.47,63,66,7.92,ID,1651467886
207,leningradskiy,69.3833,178.4167,17.53,88,33,7.31,RU,1651467478
208,kamaishi,39.2667,141.8833,51.76,60,35,4.74,JP,1651467887
209,cape canaveral,28.4058,-80.6048,76.98,80,0,9.22,US,1651467888
210,ingham,42.6,-84.3833,48.9,87,100,5.75,US,1651467888
211,lasa,46.6166,10.7002,42.69,88,39,3.6,IT,1651467499
212,omboue,-1.5746,9.2618,74.39,95,100,5.59,GA,1651467563
213,ponta do sol,32.6667,-17.1,65.01,76,0,4.29,PT,1651467889
214,inhambane,-23.865,35.3833,70.09,78,33,9.71,MZ,1651467890
215,san cristobal,7.7669,-72.225,75.38,96,89,3.2,VE,1651467476
216,payo,-3.7508,103.6372,92.43,51,100,2.51,ID,1651467890
217,bahia honda,22.9036,-83.1592,73.42,84,0,10.18,CU,1651467891
218,kadoma,34.7333,135.5833,70.18,24,34,14.07,JP,1651467735
219,somerset east,-32.7217,25.588,51.01,64,0,2.55,ZA,1651467891
220,carutapera,-1.195,-46.02,75.15,94,100,3.6,BR,1651467892
221,asfi,32.2994,-9.2372,60.01,88,1,12.93,MA,1651467892
222,sitka,57.0531,-135.33,42.06,96,100,1.61,US,1651467711
223,saint-philippe,-21.3585,55.7679,81.21,77,0,5.23,RE,1651467893
224,high level,58.5169,-117.136,41.5,86,83,9.01,CA,1651467661
225,limon,10.0,-83.0333,77.95,86,100,5.59,CR,1651467894
226,vila franca do campo,37.7167,-25.4333,64.2,88,42,3.56,PT,1651467503
227,metro,-5.1131,105.3067,88.66,61,100,9.17,ID,1651467895
228,cairns,-16.9167,145.7667,87.06,74,40,14.97,AU,1651467570
229,guerrero negro,27.9769,-114.0611,59.5,82,28,13.69,MX,1651467895
230,normandin,48.8333,-72.5321,38.73,92,66,4.09,CA,1651467896
231,puerto madryn,-42.7692,-65.0385,52.27,68,100,13.6,AR,1651467896
232,puerto colombia,10.9878,-74.9547,81.81,86,100,10.83,CO,1651467897
233,kisanga,-7.4362,37.7034,73.58,87,100,3.74,TZ,1651467897
234,santa cruz,-17.8,-63.1667,72.61,73,40,6.8,BO,1651467610
235,muhos,64.808,25.9931,40.78,85,100,10.51,FI,1651467898
236,jardim,-21.4803,-56.1381,74.71,52,60,3.65,BR,1651467785
237,jalu,29.0331,21.5482,71.04,50,89,18.32,LY,1651467899
238,port hardy,50.6996,-127.4199,47.19,91,100,4.9,CA,1651467899
239,namibe,-15.1961,12.1522,71.6,74,27,5.55,AO,1651467675
240,gao,16.6362,1.637,79.65,13,23,10.13,ML,1651467900
241,mehamn,71.0357,27.8492,28.31,91,99,21.39,NO,1651467900
242,pacific grove,36.6177,-121.9166,53.87,85,3,14.0,US,1651467505
243,berlevag,70.8578,29.0864,28.35,74,75,14.97,NO,1651467793
244,seybaplaya,19.65,-90.6667,78.51,74,19,11.48,MX,1651467901
245,pemangkat,1.1667,108.9667,87.98,65,97,10.56,ID,1651467902
246,reconquista,-29.15,-59.65,58.15,96,100,8.95,AR,1651467661
247,grindavik,63.8424,-22.4338,37.87,75,0,11.5,IS,1651467903
248,yar-sale,66.8333,70.8333,20.68,76,13,5.57,RU,1651467688
249,dunedin,-45.8742,170.5036,60.8,66,23,1.01,NZ,1651467903
250,lobito,-12.3481,13.5456,75.09,84,63,0.74,AO,1651467904
251,waiouru,-39.4833,175.6667,52.07,82,100,2.57,NZ,1651467904
252,alice springs,-23.7,133.8833,74.75,35,16,8.05,AU,1651467371
253,hobyo,5.3505,48.5268,86.11,62,99,16.62,SO,1651467671
254,tairua,-37.0167,175.85,62.26,75,100,3.09,NZ,1651467905
255,fuxin,42.0156,121.6589,63.3,17,2,5.03,CN,1651467906
256,iwanai,42.9744,140.5089,42.06,90,100,16.93,JP,1651467906
257,westport,41.1415,-73.3579,55.56,62,100,5.75,US,1651467810
258,half moon bay,37.4636,-122.4286,57.45,77,75,13.8,US,1651467616
259,orange walk,17.8333,-88.8333,73.36,96,26,3.11,BZ,1651467907
260,talnakh,69.4865,88.3972,24.21,83,100,12.82,RU,1651467550
261,kaitangata,-46.2817,169.8464,58.82,68,53,2.71,NZ,1651467908
262,novorzhev,57.0294,29.3338,43.92,71,92,2.77,RU,1651467909
263,paamiut,61.994,-49.6678,30.88,90,92,7.31,GL,1651467572
264,saint pete beach,27.7253,-82.7412,73.0,84,0,3.44,US,1651467909
265,port lincoln,-34.7333,135.8667,67.3,58,1,9.69,AU,1651467910
266,marsh harbour,26.5412,-77.0636,74.23,77,19,18.54,BS,1651467518
267,thinadhoo,0.5333,72.9333,85.05,74,98,20.13,MV,1651467911
268,khatanga,71.9667,102.5,24.75,82,98,15.14,RU,1651467911
269,verkhoyansk,67.5447,133.385,34.83,90,99,7.31,RU,1651467683
270,turayf,31.6725,38.6637,61.7,47,26,7.09,SA,1651467912
271,san juan,-31.5375,-68.5364,56.43,53,58,4.43,AR,1651467475
272,lunca de sus,46.5333,25.9667,45.46,69,100,1.59,RO,1651467913
273,aurora,39.7294,-104.8319,52.57,75,100,21.85,US,1651467900
274,dalbandin,28.8947,64.4101,86.7,13,0,5.46,PK,1651467914
275,sao joao da barra,-21.6403,-41.0511,72.97,82,2,8.7,BR,1651467565
276,storforshei,66.4043,14.5233,33.66,86,75,8.05,NO,1651467914
277,los llanos de aridane,28.6585,-17.9182,66.13,40,0,15.99,ES,1651467915
278,nishihara,26.1842,127.7558,65.86,82,75,10.36,JP,1651467666
279,bandar-e lengeh,26.5579,54.8807,84.51,58,0,5.57,IR,1651467916
280,poum,-20.2333,164.0167,79.09,77,30,6.53,NC,1651467916
281,waipawa,-41.4122,175.5153,59.67,75,85,11.43,NZ,1651467569
282,broome,42.2506,-75.833,56.19,78,100,6.91,US,1651467591
283,ornskoldsvik,63.2909,18.7153,43.75,70,20,5.75,SE,1651467917
284,sao bernardo,-3.3614,-42.4178,73.54,96,98,1.45,BR,1651467591
285,hendersonville,36.3048,-86.62,60.4,77,30,1.9,US,1651467918
286,yumen,40.2833,97.2,67.5,6,54,1.66,CN,1651467918
287,vikhorevka,56.1201,101.1636,47.79,60,100,14.14,RU,1651467919
288,sile,41.1754,29.6133,55.56,78,35,5.01,TR,1651467920
289,te anau,-45.4167,167.7167,56.14,71,36,4.81,NZ,1651467920
290,buraydah,26.326,43.975,79.83,15,0,8.3,SA,1651467921
291,luanda,-8.8368,13.2343,77.0,88,20,3.44,AO,1651467921
292,zgorzelec,51.1494,15.0084,48.11,81,59,1.99,PL,1651467922
293,samarai,-10.6167,150.6667,82.92,75,50,9.91,PG,1651467543
294,aswan,24.0934,32.907,76.3,19,0,5.75,EG,1651467507
295,manado,1.487,124.8455,92.17,58,20,5.75,ID,1651467923
296,iranduba,-3.2847,-60.1861,79.09,96,100,2.04,BR,1651467924
297,kieta,-6.2167,155.6333,83.07,76,90,3.78,PG,1651467576
298,sijunjung,-0.6876,100.9537,87.87,64,99,0.69,ID,1651467925
299,constitucion,-35.3333,-72.4167,51.8,74,1,6.13,CL,1651467765
300,buala,-8.145,159.5921,84.18,71,68,4.61,SB,1651467602
301,rudnogorsk,57.2639,103.7519,39.36,55,100,12.37,RU,1651467926
302,atambua,-9.1061,124.8925,86.76,49,85,3.74,ID,1651467926
303,monterey,36.2505,-121.2516,53.19,57,3,7.67,US,1651467927
304,coahuayana,18.7333,-103.6833,69.44,78,46,4.14,MX,1651467928
305,marshfield,44.6689,-90.1718,44.55,81,100,10.36,US,1651467929
306,north canton,40.8759,-81.4023,56.79,66,100,6.91,US,1651467930
307,riyadh,24.6877,46.7219,83.17,10,0,10.11,SA,1651467807
308,kodigenahalli,13.72,77.3903,91.29,31,21,11.65,IN,1651467931
309,san juan nepomuceno,9.9516,-75.082,76.55,92,99,2.39,CO,1651467672
310,mayo,38.8876,-76.5119,57.15,92,40,0.0,US,1651467620
311,nkhata bay,-11.6066,34.2907,69.69,79,70,8.86,MW,1651467932
312,do gonbadan,30.3586,50.7981,76.28,35,0,2.73,IR,1651467932
313,parsabad,39.6482,47.9174,62.08,55,100,2.44,IR,1651467934
314,bubaque,11.2833,-15.8333,77.11,70,67,10.85,GW,1651467935
315,oktyabrskiy,54.4815,53.471,45.19,43,6,9.53,RU,1651467936
316,shimonoseki,33.95,130.95,69.3,49,36,15.35,JP,1651467936
317,coihaique,-45.5752,-72.0662,42.75,93,0,5.75,CL,1651467537
318,mahibadhoo,3.7833,72.9667,85.06,75,95,18.95,MV,1651467937
319,erenhot,43.6475,111.9767,71.49,15,39,8.19,CN,1651467938
320,auki,-8.7676,160.7034,82.96,76,100,3.0,SB,1651467511
321,bhimunipatnam,17.8833,83.4333,92.71,57,16,17.58,IN,1651467939
322,candido mendes,-1.4467,-45.7167,74.05,96,100,1.95,BR,1651467940
323,saint-pierre,-21.3393,55.4781,81.28,65,0,4.61,RE,1651467539
324,orange cove,36.6244,-119.3137,68.58,53,0,4.74,US,1651467940
325,okha,53.5739,142.9478,33.84,93,98,8.75,RU,1651467941
326,tarpon springs,28.1461,-82.7568,72.95,90,0,0.0,US,1651467744
327,muli,2.9167,73.5667,84.85,76,97,20.76,MV,1651467942
328,keffi,8.8486,7.8736,74.37,79,88,2.73,NG,1651467943
329,srednekolymsk,67.45,153.6833,31.96,100,100,3.11,RU,1651467755
330,senanga,-16.1167,23.2667,56.64,71,2,4.99,ZM,1651467944
331,riosucio,5.4216,-75.7032,57.96,97,99,0.94,CO,1651467944
332,abu dhabi,24.4667,54.3667,80.96,52,0,3.0,AE,1651467900
333,sinjar,36.3209,41.8754,65.73,60,9,5.86,IQ,1651467945
334,lorengau,-2.0226,147.2712,83.57,74,98,1.59,PG,1651467946
335,haines junction,60.7522,-137.5108,44.55,57,99,8.05,CA,1651467488
336,morondava,-20.2833,44.2833,72.05,70,0,8.93,MG,1651467947
337,nemuro,43.3236,145.575,42.03,94,96,12.01,JP,1651467555
338,shaoguan,24.8,113.5833,72.32,52,100,5.17,CN,1651467947
339,tabou,4.423,-7.3528,80.02,83,63,4.18,CI,1651467493
340,faanui,-16.4833,-151.75,81.12,74,77,10.36,PF,1651467948
341,katobu,-4.9408,122.5276,90.63,46,22,6.93,ID,1651467949
342,peruibe,-24.32,-46.9983,71.17,90,70,3.31,BR,1651467917
343,elizabeth city,36.2946,-76.2511,69.82,82,100,6.15,US,1651467859
344,saint-michel-des-saints,46.6834,-73.9159,40.93,85,48,8.03,CA,1651467950
345,noyabrsk,63.1994,75.4507,32.56,82,100,5.77,RU,1651467951
346,nerchinskiy zavod,51.3088,119.61,67.37,28,100,16.2,RU,1651467952
347,srandakan,-7.9386,110.2506,88.95,64,95,9.84,ID,1651467952
348,longyearbyen,78.2186,15.6401,10.24,67,40,4.61,SJ,1651467482
349,mount isa,-20.7333,139.5,85.77,37,75,9.22,AU,1651467529
350,san quintin,30.4833,-115.95,57.92,83,0,10.85,MX,1651467953
351,eureka,40.8021,-124.1637,51.93,83,36,0.63,US,1651467954
352,paso de los toros,-32.8167,-56.5167,49.44,83,99,8.23,UY,1651467954
353,honggang,46.4667,124.8667,59.13,23,67,17.2,CN,1651467955
354,shakhtinsk,49.71,72.5872,66.2,43,88,12.48,KZ,1651467955
355,kousseri,12.0769,15.0306,89.19,34,89,7.76,CM,1651467468
356,sabratah,32.7933,12.4885,60.82,71,0,10.58,LY,1651467956
357,sebinkarahisar,40.2883,38.4236,45.01,80,100,2.64,TR,1651467957
358,malanje,-9.5402,16.341,56.68,81,31,4.59,AO,1651467262
359,zaria,11.1113,7.7227,78.51,52,99,9.17,NG,1651467957
360,palmerston,-12.486,130.9833,92.89,40,0,14.97,AU,1651467958
361,quatre cocos,-20.2078,57.7625,82.09,78,3,8.39,MU,1651467958
362,juneau,58.3019,-134.4197,47.21,95,100,5.99,US,1651467538
363,bambous virieux,-20.3428,57.7575,82.22,83,75,6.91,MU,1651467959
364,ranong,9.9658,98.6348,84.31,75,100,7.47,TH,1651467959
365,milkovo,54.7167,158.6167,45.25,56,78,3.87,RU,1651467960
366,plettenberg bay,-34.0527,23.3716,58.33,74,10,4.54,ZA,1651467831
367,ionia,42.9873,-85.0711,48.4,88,100,11.5,US,1651467667
368,baykit,61.67,96.37,37.47,60,100,11.7,RU,1651467961
369,canberra,-35.2835,149.1281,70.68,49,0,6.91,AU,1651467962
370,koutsouras,35.0339,25.9469,64.11,63,91,14.45,GR,1651467962
371,moissala,8.3404,17.7663,78.31,61,100,6.08,TD,1651467963
372,mayor pablo lagerenza,-19.9309,-60.7718,64.85,85,66,6.15,PY,1651467963
373,bac ninh,21.1833,106.05,78.89,39,99,13.87,VN,1651467964
374,kavaratti,10.5669,72.642,85.53,66,100,12.06,IN,1651467481
375,fivizzano,44.2383,10.126,52.2,67,5,5.14,IT,1651467964
376,miandrivazo,-19.5167,45.4667,72.27,65,0,2.13,MG,1651467965
377,athabasca,54.7169,-113.2854,41.2,95,100,12.8,CA,1651467902
378,benicarlo,40.4165,0.4271,59.9,86,85,6.55,ES,1651467966
379,talcahuano,-36.7167,-73.1167,49.78,84,1,6.35,CL,1651467676
380,klyuchi,52.2667,79.1667,66.42,43,24,15.5,RU,1651467966
381,esmeralda,21.8525,-78.1169,74.55,78,4,9.75,CU,1651467967
382,nouakchott,18.0858,-15.9785,64.33,83,10,13.0,MR,1651467937
383,norden,53.6,7.2,39.15,77,8,3.38,DE,1651467968
384,bani,18.2833,-70.3333,73.85,80,100,2.66,DO,1651467968
385,ambon,-3.6954,128.1814,82.54,74,40,5.75,ID,1651467498
386,anadyr,64.75,177.4833,18.09,86,13,7.4,RU,1651467645
387,narsaq,60.9167,-46.05,41.22,75,100,3.09,GL,1651467969
388,aasiaat,68.7098,-52.8699,7.65,96,52,2.91,GL,1651467970
389,dulce nombre de culmi,15.1,-85.5333,70.02,98,100,2.37,HN,1651467970
390,qaqortoq,60.7167,-46.0333,36.95,88,99,2.15,GL,1651467971
391,rio gallegos,-51.6226,-69.2181,40.39,88,22,8.9,AR,1651467971
392,awbari,26.5921,12.7805,58.33,56,0,10.22,LY,1651467972
393,oussouye,12.485,-16.5469,71.35,76,97,6.08,SN,1651467972
394,kaihua,23.3687,104.28,61.2,58,86,10.27,CN,1651467918
395,ormara,25.2088,64.6357,83.48,71,0,22.59,PK,1651467467
396,norman wells,65.282,-126.8329,44.04,76,85,14.32,CA,1651467973
397,borogontsy,62.6683,131.1683,46.13,64,92,12.12,RU,1651467974
398,wuxue,29.8506,115.5525,73.0,44,65,6.51,CN,1651467974
399,kulhudhuffushi,6.6221,73.07,85.66,75,90,17.4,MV,1651467975
400,camana,-16.6228,-72.7111,65.28,84,58,4.12,PE,1651467975
401,chilca,-12.5211,-76.7372,64.13,89,93,2.66,PE,1651467976
402,hamilton,39.1834,-84.5333,56.03,75,0,4.61,US,1651467877
403,teeli,51.0333,90.2333,69.91,12,100,0.2,RU,1651467976
404,tuatapere,-46.1333,167.6833,58.69,74,32,4.43,NZ,1651467547
405,solon,41.3898,-81.4412,56.08,81,100,5.75,US,1651467977
406,alexandria,31.2156,29.9553,65.44,70,82,11.52,EG,1651467746
407,dubti,11.7361,41.0853,89.15,40,10,4.47,ET,1651467978
408,frederikshavn,57.4407,10.5366,44.28,85,81,14.25,DK,1651467978
409,muros,42.7762,-9.0603,53.1,83,83,6.13,ES,1651467979
410,mae sot,16.7167,98.5667,91.42,51,78,3.94,TH,1651467979
411,mahon,39.8885,4.2658,54.16,94,20,1.14,ES,1651467721
412,hambantota,6.1241,81.1185,88.14,79,20,10.36,LK,1651467472
413,puerto narino,-3.7703,-70.3831,72.48,99,100,1.7,CO,1651467980
414,ulaanbaatar,47.9077,106.8832,73.53,10,0,13.42,MN,1651467981
415,la rioja,42.25,-2.5,37.18,98,97,3.06,ES,1651467981
416,hovd,48.0056,91.6419,70.45,6,41,6.76,MN,1651467982
417,libertador general san martin,-23.8064,-64.7876,60.98,96,97,0.72,AR,1651467982
418,kahului,20.8947,-156.47,72.84,97,98,8.01,US,1651467597
419,tianpeng,30.9866,103.9393,71.51,38,97,3.29,CN,1651467915
420,codrington,-38.2667,141.9667,67.62,53,100,11.52,AU,1651467462
421,svetlogorsk,52.6333,29.7333,49.08,86,100,6.87,BY,1651467693
422,prescott,34.54,-112.4685,60.19,28,0,6.29,US,1651467924
423,dubrovka,53.6907,33.5071,46.29,79,75,6.08,RU,1651467984
424,caucaia,-3.7361,-38.6531,77.04,86,20,4.61,BR,1651467985
425,gamba,-2.65,10.0,76.12,91,100,2.26,GA,1651467985
426,mayskiy,47.6931,40.1025,49.41,48,100,9.51,RU,1651467986
427,mettur,11.8,77.8,98.19,32,75,3.83,IN,1651467986
428,hervey bay,-25.2986,152.8535,69.03,94,100,3.0,AU,1651467987
429,padang,-0.9492,100.3543,84.25,74,93,4.36,ID,1651467530
430,cidreira,-30.1811,-50.2056,62.42,77,100,7.49,BR,1651467987
431,hokitika,-42.7167,170.9667,60.62,90,99,4.52,NZ,1651467988
432,ocos,14.5094,-92.1933,80.78,73,97,4.97,GT,1651467989
433,san carlos de bariloche,-41.1456,-71.3082,38.86,93,40,2.86,AR,1651467989
434,tiradentes,-21.1103,-44.1781,58.39,70,0,0.54,BR,1651467990
435,chalus,36.655,51.4204,60.26,100,100,2.3,IR,1651467990
436,arlit,18.7369,7.3853,78.84,11,6,9.55,NE,1651467846
437,northam,51.0333,-4.2167,49.6,96,100,2.04,GB,1651467991
438,sao joao do piaui,-8.3581,-42.2467,73.87,66,16,6.4,BR,1651467991
439,pyapon,16.2833,95.6833,98.89,33,51,1.77,MM,1651467992
440,escanaba,45.7453,-87.0646,44.51,100,100,5.75,US,1651467920
441,masuguru,-11.3667,38.4167,70.39,83,4,5.84,TZ,1651467685
442,bathsheba,13.2167,-59.5167,78.6,81,83,15.66,BB,1651467993
443,maningrida,-12.0667,134.2667,89.71,51,89,12.44,AU,1651467993
444,kathu,7.9178,98.3332,87.62,89,100,5.01,TH,1651467994
445,samfya,-11.3649,29.5565,58.87,76,31,9.13,ZM,1651467994
446,alugan,12.2188,125.4808,83.98,72,82,9.62,PH,1651467681
447,meulaboh,4.1363,96.1285,84.65,67,100,3.0,ID,1651467523
448,rudbar,30.15,62.6,88.25,22,0,13.65,AF,1651467995
449,roma,43.2128,-75.4557,58.82,41,100,6.91,US,1651467681
450,taoudenni,22.6783,-3.9836,74.46,27,8,9.6,ML,1651467558
451,chebenki,51.9337,55.7077,44.35,40,0,13.78,RU,1651467996
452,neryungri,56.6709,124.6491,35.35,72,100,13.35,RU,1651467582
453,rio grande,-32.035,-52.0986,50.95,71,53,11.18,BR,1651467997
454,souillac,-20.5167,57.5167,79.18,83,75,6.91,MU,1651467997
455,onega,63.9061,38.1404,34.34,92,99,6.11,RU,1651467998
456,schwedt,53.0596,14.2815,48.52,62,93,2.86,DE,1651467998
457,avila,40.5833,-5.0,46.65,94,17,5.53,ES,1651467999
458,luxeuil-les-bains,47.8171,6.365,47.32,93,0,0.0,FR,1651467999
459,sambava,-14.2667,50.1667,78.69,83,43,8.55,MG,1651468000
460,palmer,42.1584,-72.3287,51.42,62,0,4.61,US,1651468000
461,elko,41.0002,-115.5012,42.64,66,41,5.99,US,1651467916
462,christchurch,-43.5333,172.6333,71.8,64,0,8.05,NZ,1651467314
463,dingzhou,38.5131,114.9956,80.08,20,3,6.87,CN,1651468001
464,tual,-5.6667,132.75,83.19,75,36,12.77,ID,1651467522
465,anori,-3.7728,-61.6442,73.45,98,100,4.0,BR,1651468002
466,iracoubo,5.4802,-53.2011,77.56,85,68,10.47,GF,1651467564
467,pangnirtung,66.1451,-65.7125,24.33,96,100,4.23,CA,1651468003
468,dakar,14.6937,-17.4441,67.08,88,14,14.5,SN,1651468003
469,yeppoon,-23.1333,150.7333,80.38,75,92,16.26,AU,1651468004
470,natitingou,10.3042,1.3796,75.9,65,88,3.2,BJ,1651468004
471,oyem,1.5995,11.5793,67.08,99,99,0.96,GA,1651468005
472,walvis bay,-22.9575,14.5053,63.12,60,0,4.65,NA,1651468005
473,adet,11.2644,37.4888,68.38,41,67,1.83,ET,1651468006
474,mount pleasant,32.7941,-79.8626,72.0,90,0,6.91,US,1651468007
475,fershampenuaz,53.5202,59.8117,40.62,33,3,12.06,RU,1651468009
476,rio casca,-20.2261,-42.6508,64.51,86,4,2.3,BR,1651468010
477,boa vista,2.8197,-60.6733,80.58,61,0,9.22,BR,1651468011
478,catia la mar,10.6038,-67.0303,78.24,78,66,8.25,VE,1651468012
479,daru,-9.0763,143.2092,82.18,84,56,11.27,PG,1651468012
480,carbonia,39.1672,8.5222,51.01,89,7,4.23,IT,1651468013
481,oksfjord,70.2396,22.3479,30.27,92,97,5.55,NO,1651468014
482,umm lajj,25.0213,37.2685,81.75,40,0,9.17,SA,1651468015
483,lisakovsk,52.5369,62.4936,45.45,43,9,14.94,KZ,1651468015
484,le port,-20.9373,55.2919,81.61,64,0,2.04,RE,1651468016
485,bibiani,6.4635,-2.3194,72.68,100,100,1.61,GH,1651468017
486,adrar,20.5022,-10.0711,73.17,19,0,10.74,MR,1651467503
487,krasnokholmskiy,55.9873,55.0466,44.47,49,17,13.58,RU,1651468018
488,sioux lookout,50.1001,-91.917,33.87,100,100,6.91,CA,1651468018
489,balabac,7.9868,117.0645,86.07,69,86,8.57,PH,1651468019
490,zabaykalsk,49.6333,117.3167,70.75,24,100,19.95,RU,1651468020
491,calama,-22.4667,-68.9333,43.29,31,0,12.66,CL,1651468020
492,bereda,43.2686,-7.5406,51.42,100,99,2.53,ES,1651468021
493,oswego,43.4501,-76.1497,59.92,78,100,10.27,US,1651468022
494,nalut,30.3333,10.85,52.77,69,0,7.14,LY,1651467742
495,fare,-16.7,-151.0167,81.03,73,72,10.25,PF,1651468023
496,mwandiga,-4.83,29.6581,69.71,84,100,5.68,TZ,1651468023
497,winneba,5.3511,-0.6231,79.63,86,100,7.61,GH,1651468024
498,payakumbuh,-0.2202,100.6308,81.75,79,98,1.57,ID,1651468025
499,chumikan,54.7183,135.315,33.44,90,94,10.85,RU,1651468026
500,stornoway,58.2093,-6.3865,46.92,81,75,9.22,GB,1651468027
501,davila,18.4726,120.5763,89.58,70,77,7.07,PH,1651468027
502,qinzhou,21.95,108.6167,75.24,46,89,17.65,CN,1651468028
503,biak,-0.9131,122.8766,83.46,73,22,6.98,ID,1651468029
504,bako,5.7833,36.5667,66.36,84,84,1.72,ET,1651468029
505,rocha,-34.4833,-54.3333,54.23,68,99,5.79,UY,1651468030
506,petropavlovsk-kamchatskiy,53.0452,158.6483,45.19,39,20,11.18,RU,1651468001
507,cayenne,4.9333,-52.3333,81.09,1,75,5.99,GF,1651467472
508,zaraza,9.3503,-65.3245,79.86,63,82,5.39,VE,1651468031
509,mackay,-21.15,149.2,82.69,73,32,16.49,AU,1651468032
510,kodinsk,58.6881,99.1844,38.84,68,100,14.52,RU,1651468033
511,ustka,54.5805,16.8619,42.66,72,11,4.05,PL,1651468034
512,ngunguru,-35.6167,174.5,64.56,72,99,7.9,NZ,1651468034
513,chernyshevskiy,63.0128,112.4714,30.09,60,5,8.61,RU,1651468035
514,botro,7.8525,-5.3106,73.99,92,98,3.69,CI,1651468035
515,gopalpur,19.2667,84.9167,90.99,61,33,17.67,IN,1651468036
516,tocopilla,-22.092,-70.1979,62.02,73,37,1.72,CL,1651467672
517,ndele,8.4109,20.6473,74.35,74,100,4.54,CF,1651468037
518,antalaha,-14.9003,50.2788,79.27,73,23,6.29,MG,1651468038
519,hofn,64.2539,-15.2082,31.77,78,100,7.38,IS,1651468038
520,raga,8.4596,25.678,76.66,66,98,8.59,SS,1651468039
521,beinamar,8.6698,15.3813,77.76,62,99,4.18,TD,1651468039
522,sarakhs,36.5449,61.1577,71.65,51,69,13.2,IR,1651468040
523,kutum,14.2,24.6667,78.69,11,32,4.9,SD,1651468040
524,maldonado,-34.6667,-54.9167,56.59,73,96,6.22,UY,1651468041
525,vallenar,-28.5708,-70.7581,59.32,60,5,1.77,CL,1651468041
526,abu samrah,35.3029,37.1841,62.87,73,0,8.95,SY,1651468042
527,jibuti,11.5,42.5,80.08,57,44,9.6,DJ,1651467743
528,plymouth,41.8334,-70.8328,50.72,79,0,0.0,US,1651468042
529,prabumulih,-3.45,104.25,90.61,56,95,4.18,ID,1651468043
530,almaty,43.25,76.95,76.91,38,40,4.47,KZ,1651468043
531,kaeo,-35.1,173.7833,64.33,84,100,6.08,NZ,1651467554
